{"scale":[-3335.16,-2794.640000000001,-4140.479999999999],"tares":[64921.333333333336,87436.66666666667,72787.33333333333]}