{"scale":[2824.36,9611.12000000001,8247.640000000005],"tares":[-1259,714338.6666666666,805688.6666666666]}