{"scale":[1447.08,916.8400000000047,1340.2000000000046],"tares":[646.3333333333334,739075.6666666666,839950]}