{"scale":[8967.8,8981.3,7899.460000000001],"tares":[8963,17897.333333333332,7875.666666666667]}